filename,num_patients,num_wards,num_days,M,bb_time,bb_objective,bb_gap,bb_status,sa_time,sa_objective,sa_feasible,hybrid_time,hybrid_objective,hybrid_mh_obj,hybrid_improvement,sa_deviation,hybrid_deviation
s0m0.dat,117,4,7,0,0.05203104019165039,5380.909285714286,4.6460549096163696e-07,optimal,0.1908111572265625,5532.909285714286,True,0.2365283966064453,5380.909285714286,5771.4309523809525,6.766461730007535,2.824801384471265,0.0
s0m1.dat,117,4,7,1,0.01532745361328125,5380.806933333333,9.672794903505852e-05,optimal,-1.5944890975952148,5944.32598952381,True,0.35672855377197266,5380.806933333333,6028.89775,10.749739729234365,10.472761115057969,0.0
s0m2.dat,117,4,7,2,0.022463560104370117,5380.8075,5.426222363954077e-05,optimal,0.0657649040222168,inf,False,0.4184916019439697,5380.8075,inf,,inf,0.0
s0m3.dat,117,4,7,3,0.04134774208068848,5380.789,5.637208596694087e-05,optimal,0.06995320320129395,inf,False,0.7673141956329346,5380.789,inf,,inf,0.0
